ISO 8601 Time,Dissolved Oxygen (mg/l),Dissolved Oxygen (%),DO Temperature (C),Water Detect (%)
2026-08-25T19:48:52.000,10.16,98.76,14.07,91
2026-08-25T20:03:52.000,9.16,88.36,13.71,100
2026-08-25T20:18:52.000,9.24,88.14,13.18,100
2026-08-25T20:33:52.000,9.27,87.93,12.96,100
2026-08-25T20:48:52.000,9.29,88.06,12.91,100
2026-08-25T21:03:52.000,9.22,86.95,12.70,100
2026-08-25T21:18:52.000,9.15,86.10,12.58,100
2026-08-25T21:33:52.000,9.16,85.96,12.47,100
2026-08-25T21:48:52.000,9.18,86.26,12.53,100
2026-08-25T22:03:52.000,9.16,85.75,12.39,100
2026-08-25T22:18:52.000,9.20,86.11,12.37,100
2026-08-25T22:33:52.000,9.19,85.89,12.31,100
2026-08-25T22:48:52.000,9.15,85.57,12.31,100
2026-08-25T23:03:52.000,9.18,85.87,12.31,100
2026-08-25T23:18:52.000,9.19,85.88,12.31,100
2026-08-25T23:33:52.000,9.17,85.77,12.30,100
2026-08-25T23:48:52.000,9.15,85.47,12.28,100
2026-08-26T00:03:52.000,9.16,85.60,12.27,100
2026-08-26T00:18:52.000,9.14,85.37,12.25,100
2026-08-26T00:33:52.000,9.15,85.45,12.24,100
2026-08-26T00:48:52.000,9.08,84.81,12.26,100
2026-08-26T01:03:52.000,9.06,84.59,12.26,100
2026-08-26T01:18:52.000,9.03,84.28,12.24,100
2026-08-26T01:33:52.000,9.09,84.90,12.26,100
2026-08-26T01:48:52.000,9.14,85.39,12.27,100
2026-08-26T02:03:52.000,9.12,85.27,12.32,100
2026-08-26T02:18:52.000,9.30,87.44,12.57,100
2026-08-26T02:33:52.000,9.20,86.58,12.61,100
2026-08-26T02:48:52.000,9.21,86.75,12.63,100
2026-08-26T03:03:52.000,9.15,86.19,12.65,100
2026-08-26T03:18:52.000,9.20,86.74,12.67,100
2026-08-26T03:33:52.000,9.16,86.37,12.70,100
2026-08-26T03:48:52.000,9.14,86.23,12.70,100
2026-08-26T04:03:52.000,9.15,86.40,12.75,100
2026-08-26T04:18:52.000,9.25,87.49,12.81,100
2026-08-26T04:33:52.000,9.28,87.91,12.88,100
2026-08-26T04:48:52.000,9.34,88.89,13.09,100
2026-08-26T05:03:52.000,9.41,90.21,13.42,100
2026-08-26T05:18:52.000,9.49,91.36,13.60,100
2026-08-26T05:33:52.000,9.47,91.24,13.67,100
2026-08-26T05:48:52.000,9.61,93.03,13.88,100
2026-08-26T06:03:52.000,9.51,92.11,13.88,100
2026-08-26T06:18:52.000,9.52,92.58,14.06,100
2026-08-26T06:33:52.000,9.59,93.54,14.19,100
2026-08-26T06:48:52.000,9.65,94.46,14.39,100
2026-08-26T07:03:52.000,9.74,95.71,14.55,100
2026-08-26T07:18:52.000,9.71,95.62,14.66,100
2026-08-26T07:33:52.000,9.47,92.56,14.29,100
2026-08-26T07:48:52.000,9.61,93.45,14.08,100
2026-08-26T08:03:52.000,9.66,94.33,14.24,100
2026-08-26T08:18:52.000,9.66,94.26,14.22,100
2026-08-26T08:33:52.000,9.53,92.38,13.92,100
2026-08-26T08:48:52.000,9.48,91.65,13.81,100
2026-08-26T09:03:52.000,9.32,89.12,13.30,100
2026-08-26T09:18:52.000,9.34,89.52,13.40,100
2026-08-26T09:33:52.000,9.39,90.07,13.46,100
2026-08-26T09:48:52.000,9.18,86.73,12.79,100
2026-08-26T10:03:52.000,9.18,86.53,12.68,100
2026-08-26T10:18:52.000,9.15,85.98,12.53,100
2026-08-26T10:33:52.000,9.17,85.95,12.44,100
2026-08-26T10:48:52.000,9.14,85.99,12.56,100
2026-08-26T11:03:52.000,9.16,86.03,12.50,100
2026-08-26T11:18:52.000,9.14,85.78,12.47,100
2026-08-26T11:33:52.000,9.15,85.50,12.28,100
2026-08-26T11:48:52.000,9.16,85.55,12.26,100
2026-08-26T12:03:52.000,9.15,85.43,12.24,100
2026-08-26T12:18:52.000,9.14,85.32,12.26,100
2026-08-26T12:33:52.000,9.12,85.08,12.21,100
2026-08-26T12:48:52.000,9.09,84.73,12.19,100
2026-08-26T13:03:52.000,9.13,85.08,12.19,100
2026-08-26T13:18:52.000,9.14,85.24,12.19,100
2026-08-26T13:33:52.000,9.13,85.13,12.18,100
2026-08-26T13:48:52.000,9.12,85.07,12.19,100
2026-08-26T14:03:52.000,9.11,85.01,12.21,100
2026-08-26T14:18:52.000,9.04,84.32,12.20,100
2026-08-26T14:33:52.000,9.11,84.90,12.18,100
2026-08-26T14:48:52.000,9.03,84.21,12.19,100
2026-08-26T15:03:52.000,9.08,84.86,12.27,100
2026-08-26T15:18:52.000,9.12,85.28,12.30,100
2026-08-26T15:33:52.000,9.21,86.22,12.37,100
2026-08-26T15:48:52.000,9.21,86.35,12.44,100
2026-08-26T16:03:52.000,9.07,84.92,12.37,100
2026-08-26T16:18:52.000,9.14,85.66,12.42,100
2026-08-26T16:33:52.000,9.16,85.99,12.46,100
2026-08-26T16:48:52.000,9.18,86.27,12.54,100
2026-08-26T17:03:52.000,9.22,86.95,12.67,100
2026-08-26T17:18:52.000,9.26,87.44,12.72,100
2026-08-26T17:33:52.000,9.28,87.81,12.83,100
2026-08-26T17:48:52.000,9.34,88.80,13.07,100
2026-08-26T18:03:52.000,9.36,89.19,13.13,100
2026-08-26T18:18:52.000,9.35,89.36,13.28,100
2026-08-26T18:33:52.000,9.49,91.25,13.57,100
2026-08-26T18:48:52.000,9.46,91.11,13.61,100
2026-08-26T19:03:52.000,9.22,87.37,12.91,100
2026-08-26T19:18:52.000,9.20,87.08,12.83,100
2026-08-26T19:33:52.000,9.29,88.01,12.91,100
2026-08-26T19:48:52.000,9.26,87.95,12.99,100
2026-08-26T20:03:52.000,9.37,89.24,13.14,100
2026-08-26T20:18:52.000,9.46,90.60,13.39,100
2026-08-26T20:33:52.000,9.29,89.40,13.59,100
2026-08-26T20:48:52.000,9.30,88.55,13.11,100
2026-08-26T21:03:52.000,9.27,88.58,13.29,100
2026-08-26T21:18:52.000,9.35,89.30,13.25,100
2026-08-26T21:33:52.000,9.26,88.01,13.02,100
2026-08-26T21:48:52.000,9.30,88.41,13.05,100
2026-08-26T22:03:52.000,9.27,88.16,13.05,100
2026-08-26T22:18:52.000,9.31,88.63,13.09,100
2026-08-26T22:33:52.000,9.11,85.53,12.48,100
2026-08-26T22:48:52.000,9.12,85.56,12.46,100
2026-08-26T23:03:52.000,9.15,85.66,12.39,100
2026-08-26T23:18:52.000,9.15,85.65,12.37,100
2026-08-26T23:33:52.000,9.13,85.51,12.37,100
2026-08-26T23:48:52.000,9.15,85.73,12.41,100
2026-08-27T00:03:52.000,9.12,85.38,12.36,100
2026-08-27T00:18:52.000,9.13,85.39,12.34,100
2026-08-27T00:33:52.000,9.11,85.21,12.34,100
2026-08-27T00:48:52.000,9.11,85.22,12.33,100
2026-08-27T01:03:52.000,9.11,85.15,12.31,100
2026-08-27T01:18:52.000,9.08,84.89,12.29,100
2026-08-27T01:33:52.000,9.09,84.96,12.29,100
2026-08-27T01:48:52.000,9.12,85.37,12.35,100
2026-08-27T02:03:52.000,9.08,84.93,12.33,100
2026-08-27T02:18:52.000,9.09,84.99,12.31,100
2026-08-27T02:33:52.000,9.17,85.87,12.39,100
2026-08-27T02:48:52.000,9.07,85.01,12.41,100
2026-08-27T03:03:52.000,9.11,85.42,12.42,100
2026-08-27T03:18:52.000,9.14,85.78,12.48,100
2026-08-27T03:33:52.000,9.09,85.43,12.52,100
2026-08-27T03:48:52.000,9.09,85.50,12.56,100
2026-08-27T04:03:52.000,9.19,86.73,12.70,100
2026-08-27T04:18:52.000,9.22,87.04,12.74,100
2026-08-27T04:33:52.000,9.17,86.61,12.75,100
2026-08-27T04:48:52.000,9.27,87.80,12.89,100
2026-08-27T05:03:52.000,9.27,87.89,12.92,100
2026-08-27T05:18:52.000,9.33,88.57,13.00,100
2026-08-27T05:33:52.000,9.36,88.91,13.02,100
2026-08-27T05:48:52.000,9.44,90.06,13.22,100
2026-08-27T06:03:52.000,9.50,90.94,13.37,100
2026-08-27T06:18:52.000,9.54,91.56,13.49,100
2026-08-27T06:33:52.000,9.56,92.30,13.74,100
2026-08-27T06:48:52.000,9.62,93.03,13.82,100
2026-08-27T07:03:52.000,9.53,92.34,13.90,100
2026-08-27T07:18:52.000,9.62,93.32,13.94,100
2026-08-27T07:33:52.000,9.58,92.76,13.89,100
2026-08-27T07:48:52.000,9.45,91.45,13.84,100
2026-08-27T08:03:52.000,9.36,89.36,13.25,100
2026-08-27T08:18:52.000,9.58,91.95,13.46,100
2026-08-27T08:33:52.000,9.55,91.97,13.61,100
2026-08-27T08:48:52.000,9.49,91.62,13.75,100
2026-08-27T09:03:52.000,9.53,92.07,13.78,100
2026-08-27T09:18:52.000,9.51,91.66,13.69,100
2026-08-27T09:33:52.000,9.32,89.12,13.31,100
2026-08-27T09:48:52.000,9.36,89.38,13.27,100
2026-08-27T10:03:52.000,9.43,90.30,13.37,100
2026-08-27T10:18:52.000,9.38,89.72,13.31,100
2026-08-27T10:33:52.000,9.43,90.18,13.33,100
2026-08-27T10:48:52.000,9.36,89.53,13.30,100
2026-08-27T11:03:52.000,9.12,85.73,12.55,100
2026-08-27T11:18:52.000,9.33,88.85,13.15,100
2026-08-27T11:33:52.000,9.31,88.73,13.15,100
2026-08-27T11:48:52.000,9.12,85.78,12.56,100
2026-08-27T12:03:52.000,9.16,85.92,12.43,100
2026-08-27T12:18:52.000,9.11,85.19,12.31,100
2026-08-27T12:33:52.000,9.14,85.24,12.22,100
2026-08-27T12:48:52.000,9.14,85.19,12.19,100
2026-08-27T13:03:52.000,9.13,85.18,12.20,100
2026-08-27T13:18:52.000,9.12,85.11,12.20,100
2026-08-27T13:33:52.000,9.12,85.06,12.21,100
2026-08-27T13:48:52.000,9.13,85.15,12.20,100
2026-08-27T14:03:52.000,9.14,85.26,12.22,100
2026-08-27T14:18:52.000,9.12,85.09,12.22,100
2026-08-27T14:33:52.000,9.12,85.15,12.24,100
2026-08-27T14:48:52.000,9.15,85.59,12.31,100
2026-08-27T15:03:52.000,9.03,84.50,12.36,100
2026-08-27T15:18:52.000,9.09,84.97,12.28,100
2026-08-27T15:33:52.000,9.19,86.01,12.33,100
2026-08-27T15:48:52.000,9.17,85.99,12.45,100
2026-08-27T16:03:52.000,9.17,86.11,12.52,100
2026-08-27T16:18:52.000,9.19,86.55,12.65,100
2026-08-27T16:33:52.000,9.27,87.43,12.69,100
2026-08-27T16:48:52.000,9.30,87.97,12.84,100
2026-08-27T17:03:52.000,9.27,87.79,12.86,100
2026-08-27T17:18:52.000,9.33,88.47,12.94,100
2026-08-27T17:33:52.000,9.33,88.57,13.01,100
2026-08-27T17:48:52.000,9.33,88.65,13.04,100
2026-08-27T18:03:52.000,9.35,89.02,13.14,100
2026-08-27T18:18:52.000,9.36,89.40,13.24,100
2026-08-27T18:33:52.000,9.38,89.56,13.26,100
2026-08-27T18:48:52.000,9.44,90.39,13.39,100
2026-08-27T19:03:52.000,9.43,90.37,13.42,100
2026-08-27T19:18:52.000,9.43,90.58,13.49,100
2026-08-27T19:33:52.000,9.44,90.76,13.57,100
2026-08-27T19:48:52.000,9.46,91.21,13.68,100
2026-08-27T20:03:52.000,9.49,91.71,13.78,100
2026-08-27T20:18:52.000,9.45,91.29,13.77,100
2026-08-27T20:33:52.000,9.28,88.74,13.30,100
2026-08-27T20:48:52.000,9.39,89.65,13.23,100
2026-08-27T21:03:52.000,9.54,92.03,13.70,100
2026-08-27T21:18:52.000,9.43,90.94,13.71,100
2026-08-27T21:33:52.000,9.55,91.93,13.60,100
2026-08-27T21:48:52.000,9.48,91.10,13.55,100
2026-08-27T22:03:52.000,9.43,90.54,13.48,100
2026-08-27T22:18:52.000,9.36,89.61,13.34,100
2026-08-27T22:33:52.000,9.39,89.83,13.32,100
2026-08-27T22:48:52.000,9.39,89.91,13.36,100
2026-08-27T23:03:52.000,9.38,89.73,13.33,100
2026-08-27T23:18:52.000,9.17,87.28,13.10,100
2026-08-27T23:33:52.000,9.23,87.67,13.02,100
2026-08-27T23:48:52.000,9.24,87.83,13.02,100
2026-08-28T00:03:52.000,9.28,88.30,13.11,100
2026-08-28T00:18:52.000,9.24,87.76,13.02,100
2026-08-28T00:33:52.000,9.13,86.02,12.64,100
2026-08-28T00:48:52.000,9.14,85.94,12.56,100
2026-08-28T01:03:52.000,9.11,85.54,12.51,100
2026-08-28T01:18:52.000,9.15,85.91,12.48,100
2026-08-28T01:33:52.000,9.11,85.61,12.51,100
2026-08-28T01:48:52.000,9.15,85.88,12.49,100
2026-08-28T02:03:52.000,9.13,85.67,12.49,100
2026-08-28T02:18:52.000,9.15,85.96,12.53,100
2026-08-28T02:33:52.000,9.16,86.11,12.56,100
2026-08-28T02:48:52.000,9.20,86.70,12.66,100
2026-08-28T03:03:52.000,9.25,87.43,12.78,100
2026-08-28T03:18:52.000,9.28,87.87,12.89,100
2026-08-28T03:33:52.000,9.28,87.99,12.95,100
2026-08-28T03:48:52.000,9.32,88.58,13.02,100
2026-08-28T04:03:52.000,9.25,87.94,13.04,100
2026-08-28T04:18:52.000,9.32,88.67,13.07,100
2026-08-28T04:33:52.000,9.36,89.20,13.16,100
2026-08-28T04:48:52.000,9.37,89.47,13.23,100
2026-08-28T05:03:52.000,9.39,89.69,13.27,100
2026-08-28T05:18:52.000,9.36,89.39,13.23,100
2026-08-28T05:33:52.000,9.38,89.58,13.28,100
2026-08-28T05:48:52.000,9.47,90.93,13.48,100
2026-08-28T06:03:52.000,9.83,95.67,14.10,100
2026-08-28T06:18:52.000,9.69,94.18,14.04,100
2026-08-28T06:33:52.000,9.69,94.33,14.14,100
2026-08-28T06:48:52.000,9.57,92.95,14.00,100
2026-08-28T07:03:52.000,9.78,95.41,14.21,100
2026-08-28T07:18:52.000,9.69,94.47,14.21,100
2026-08-28T07:33:52.000,9.64,94.01,14.18,100
2026-08-28T07:48:52.000,9.62,93.79,14.21,100
2026-08-28T08:03:52.000,9.71,94.90,14.31,100
2026-08-28T08:18:52.000,9.71,95.13,14.39,100
2026-08-28T08:33:52.000,9.75,95.99,14.63,100
2026-08-28T08:48:52.000,9.84,97.13,14.75,100
2026-08-28T09:03:52.000,9.59,93.62,14.26,100
2026-08-28T09:18:52.000,9.73,95.16,14.35,100
2026-08-28T09:33:52.000,9.72,95.02,14.33,100
2026-08-28T09:48:52.000,9.76,95.62,14.40,100
2026-08-28T10:03:52.000,9.64,93.64,14.01,100
2026-08-28T10:18:52.000,9.59,93.00,13.94,100
2026-08-28T10:33:52.000,9.58,92.83,13.89,100
2026-08-28T10:48:52.000,9.64,93.64,14.03,100
2026-08-28T11:03:52.000,9.57,92.82,13.94,100
2026-08-28T11:18:52.000,9.54,92.18,13.80,100
2026-08-28T11:33:52.000,9.46,91.17,13.68,100
2026-08-28T11:48:52.000,9.44,91.02,13.69,100
2026-08-28T12:03:52.000,9.09,87.07,13.40,100
2026-08-28T12:18:52.000,9.14,86.07,12.62,100
2026-08-28T12:33:52.000,9.12,85.59,12.46,100
2026-08-28T12:48:52.000,9.10,85.26,12.42,100
2026-08-28T13:03:52.000,9.12,85.39,12.39,100
2026-08-28T13:18:52.000,9.10,85.21,12.37,100
2026-08-28T13:33:52.000,9.07,84.96,12.37,100
2026-08-28T13:48:52.000,9.07,84.84,12.33,100
2026-08-28T14:03:52.000,9.08,84.97,12.35,100
2026-08-28T14:18:52.000,9.08,84.86,12.28,100
2026-08-28T14:33:52.000,9.07,84.72,12.27,100
2026-08-28T14:48:52.000,9.07,84.76,12.26,100
2026-08-28T15:03:52.000,9.09,84.94,12.26,100
2026-08-28T15:18:52.000,9.06,84.64,12.29,100
2026-08-28T15:33:52.000,9.10,85.14,12.34,100
2026-08-28T15:48:52.000,9.12,85.46,12.41,100
2026-08-28T16:03:52.000,9.14,85.71,12.45,100
2026-08-28T16:18:52.000,9.18,86.40,12.59,100
2026-08-28T16:33:52.000,9.22,87.05,12.75,100
2026-08-28T16:48:52.000,9.16,86.47,12.71,100
2026-08-28T17:03:52.000,9.18,86.64,12.73,100
2026-08-28T17:18:52.000,9.17,86.75,12.83,100
2026-08-28T17:33:52.000,9.35,88.66,12.91,100
2026-08-28T17:48:52.000,9.29,88.33,13.05,100
2026-08-28T18:03:52.000,9.19,87.49,13.12,100
2026-08-28T18:18:52.000,9.35,89.26,13.24,100
2026-08-28T18:33:52.000,9.45,90.71,13.48,100
2026-08-28T18:48:52.000,9.41,90.44,13.55,100
2026-08-28T19:03:52.000,9.49,91.47,13.68,100
2026-08-28T19:18:52.000,9.46,91.40,13.76,100
2026-08-28T19:33:52.000,9.50,91.90,13.82,100
2026-08-28T19:48:52.000,9.52,92.21,13.88,100
2026-08-28T20:03:52.000,9.56,92.83,14.01,100
2026-08-28T20:18:52.000,9.51,92.26,13.98,100
2026-08-28T20:33:52.000,9.42,91.14,13.86,100
2026-08-28T20:48:52.000,9.78,95.64,14.33,100
2026-08-28T21:03:52.000,9.44,91.00,13.67,100
2026-08-28T21:18:52.000,9.54,92.02,13.71,100
2026-08-28T21:33:52.000,9.66,94.04,14.13,100
2026-08-28T21:48:52.000,9.58,93.24,14.10,100
2026-08-28T22:03:52.000,9.75,95.27,14.30,100
2026-08-28T22:18:52.000,9.51,92.07,13.87,100
2026-08-28T22:33:52.000,9.49,91.54,13.72,100
2026-08-28T22:48:52.000,9.53,91.87,13.70,100
2026-08-28T23:03:52.000,9.46,91.17,13.67,100
2026-08-28T23:18:52.000,9.43,90.57,13.49,100
2026-08-28T23:33:52.000,9.04,85.35,12.73,100
2026-08-28T23:48:52.000,9.10,85.92,12.72,100
2026-08-29T00:03:52.000,9.08,85.73,12.73,100
2026-08-29T00:18:52.000,9.07,85.47,12.64,100
2026-08-29T00:33:52.000,9.12,85.91,12.65,100
2026-08-29T00:48:52.000,9.09,85.84,12.75,100
2026-08-29T01:03:52.000,9.06,85.11,12.51,100
2026-08-29T01:18:52.000,9.08,85.19,12.48,100
2026-08-29T01:33:52.000,9.09,85.24,12.46,100
2026-08-29T01:48:52.000,9.06,84.96,12.45,100
2026-08-29T02:03:52.000,9.08,85.11,12.43,100
2026-08-29T02:18:52.000,9.07,85.01,12.43,100
2026-08-29T02:33:52.000,9.07,85.05,12.43,100
2026-08-29T02:48:52.000,9.08,85.13,12.43,100
2026-08-29T03:03:52.000,9.06,85.04,12.46,100
2026-08-29T03:18:52.000,9.11,85.64,12.55,100
2026-08-29T03:33:52.000,9.14,86.14,12.66,100
2026-08-29T03:48:52.000,9.18,86.73,12.75,100
2026-08-29T04:03:52.000,9.13,86.09,12.69,100
2026-08-29T04:18:52.000,9.09,85.75,12.69,100
2026-08-29T04:33:52.000,9.18,86.86,12.82,100
2026-08-29T04:48:52.000,9.20,87.46,13.04,100
2026-08-29T05:03:52.000,9.23,87.83,13.08,100
2026-08-29T05:18:52.000,9.20,87.41,13.04,100
2026-08-29T05:33:52.000,9.21,87.61,13.07,100
2026-08-29T05:48:52.000,9.35,89.16,13.17,100
2026-08-29T06:03:52.000,9.35,89.30,13.25,100
2026-08-29T06:18:52.000,9.34,89.25,13.28,100
2026-08-29T06:33:52.000,9.36,89.61,13.34,100
2026-08-29T06:48:52.000,9.39,89.95,13.42,100
2026-08-29T07:03:52.000,9.42,90.52,13.53,100
2026-08-29T07:18:52.000,9.63,93.15,13.83,100
2026-08-29T07:33:52.000,9.48,91.57,13.78,100
2026-08-29T07:48:52.000,9.51,92.06,13.85,100
2026-08-29T08:03:52.000,9.53,92.46,13.98,100
2026-08-29T08:18:52.000,9.67,94.13,14.13,100
2026-08-29T08:33:52.000,9.63,93.91,14.22,100
2026-08-29T08:48:52.000,9.72,95.09,14.37,100
2026-08-29T09:03:52.000,9.68,95.08,14.52,100
2026-08-29T09:18:52.000,9.68,95.40,14.68,100
2026-08-29T09:33:52.000,9.66,95.19,14.69,100
2026-08-29T09:48:52.000,9.53,93.57,14.49,100
2026-08-29T10:03:52.000,9.60,93.88,14.35,100
2026-08-29T10:18:52.000,9.68,94.56,14.30,100
2026-08-29T10:33:52.000,9.57,92.78,13.96,100
2026-08-29T10:48:52.000,9.52,92.25,13.92,100
2026-08-29T11:03:52.000,9.47,91.51,13.79,100
2026-08-29T11:18:52.000,9.47,91.41,13.75,100
2026-08-29T11:33:52.000,9.43,90.80,13.61,100
2026-08-29T11:48:52.000,9.44,90.86,13.63,100
2026-08-29T12:03:52.000,9.35,89.88,13.55,100
2026-08-29T12:18:52.000,9.36,89.77,13.47,100
2026-08-29T12:33:52.000,9.32,89.41,13.44,100
2026-08-29T12:48:52.000,9.13,86.34,12.82,100
2026-08-29T13:03:52.000,9.11,86.03,12.74,100
2026-08-29T13:18:52.000,9.10,85.46,12.49,100
2026-08-29T13:33:52.000,9.09,85.28,12.47,100
2026-08-29T13:48:52.000,9.11,85.56,12.50,100
2026-08-29T14:03:52.000,9.10,85.36,12.45,100
2026-08-29T14:18:52.000,9.10,85.39,12.45,100
2026-08-29T14:33:52.000,9.12,85.56,12.47,100
2026-08-29T14:48:52.000,9.12,85.59,12.47,100
2026-08-29T15:03:52.000,9.11,85.46,12.45,100
2026-08-29T15:18:52.000,9.12,85.51,12.43,100
2026-08-29T15:33:52.000,9.17,86.08,12.49,100
2026-08-29T15:48:52.000,9.19,86.43,12.58,100
2026-08-29T16:03:52.000,9.21,86.81,12.69,100
2026-08-29T16:18:52.000,9.10,85.64,12.59,100
2026-08-29T16:33:52.000,9.13,86.01,12.65,100
2026-08-29T16:48:52.000,9.16,86.34,12.69,100
2026-08-29T17:03:52.000,9.17,86.62,12.77,100
2026-08-29T17:18:52.000,9.19,87.01,12.86,100
2026-08-29T17:33:52.000,9.18,87.05,12.92,100
2026-08-29T17:48:52.000,9.27,88.06,13.03,100
2026-08-29T18:03:52.000,9.25,88.13,13.16,100
2026-08-29T18:18:52.000,9.37,89.40,13.23,100
2026-08-29T18:33:52.000,9.41,89.95,13.30,100
2026-08-29T18:48:52.000,9.41,90.12,13.37,100
2026-08-29T19:03:52.000,9.37,89.83,13.41,100
2026-08-29T19:18:52.000,9.44,90.63,13.48,100
2026-08-29T19:33:52.000,9.47,90.96,13.52,100
2026-08-29T19:48:52.000,9.47,91.20,13.62,100
2026-08-29T20:03:52.000,9.67,93.64,13.90,100
2026-08-29T20:18:52.000,9.51,92.04,13.85,100
2026-08-29T20:33:52.000,9.55,92.42,13.86,100
2026-08-29T20:48:52.000,9.56,92.57,13.90,100
2026-08-29T21:03:52.000,9.58,93.14,14.06,100
2026-08-29T21:18:52.000,9.72,94.67,14.13,100
2026-08-29T21:33:52.000,9.59,93.31,14.11,100
2026-08-29T21:48:52.000,9.50,92.09,13.91,100
2026-08-29T22:03:52.000,9.82,95.75,14.21,100
2026-08-29T22:18:52.000,9.59,93.05,13.96,100
2026-08-29T22:33:52.000,9.80,95.51,14.19,100
2026-08-29T22:48:52.000,9.88,96.67,14.37,100
2026-08-29T23:03:52.000,9.78,95.07,14.07,100
2026-08-29T23:18:52.000,9.59,93.16,14.00,100
2026-08-29T23:33:52.000,9.57,92.67,13.86,100
2026-08-29T23:48:52.000,9.53,92.19,13.84,100
2026-08-30T00:03:52.000,9.53,92.02,13.77,100
2026-08-30T00:18:52.000,9.52,91.93,13.75,100
2026-08-30T00:33:52.000,9.52,91.93,13.73,100
2026-08-30T00:48:52.000,9.52,91.94,13.77,100
2026-08-30T01:03:52.000,9.42,90.76,13.64,100
2026-08-30T01:18:52.000,9.32,89.22,13.36,100
2026-08-30T01:33:52.000,9.29,88.64,13.21,100
2026-08-30T01:48:52.000,9.23,87.82,13.08,100
2026-08-30T02:03:52.000,9.23,87.78,13.07,100
2026-08-30T02:18:52.000,9.25,88.01,13.10,100
2026-08-30T02:33:52.000,9.23,87.75,13.07,100
2026-08-30T02:48:52.000,9.24,87.83,13.06,100
2026-08-30T03:03:52.000,9.23,87.77,13.05,100
2026-08-30T03:18:52.000,9.23,87.66,13.00,100
2026-08-30T03:33:52.000,9.24,87.74,12.98,100
2026-08-30T03:48:52.000,9.27,88.01,12.98,100
2026-08-30T04:03:52.000,9.23,87.66,12.99,100
2026-08-30T04:18:52.000,9.28,88.21,13.06,100
2026-08-30T04:33:52.000,9.34,89.07,13.20,100
2026-08-30T04:48:52.000,9.35,89.27,13.26,100
2026-08-30T05:03:52.000,9.41,89.94,13.31,100
2026-08-30T05:18:52.000,9.50,91.13,13.43,100
2026-08-30T05:33:52.000,9.50,91.16,13.48,100
2026-08-30T05:48:52.000,9.51,91.34,13.53,100
2026-08-30T06:03:52.000,9.49,91.21,13.56,100
2026-08-30T06:18:52.000,9.40,90.39,13.54,100
2026-08-30T06:33:52.000,9.49,91.21,13.56,100
2026-08-30T06:48:52.000,9.52,91.61,13.61,100
2026-08-30T07:03:52.000,9.76,94.85,14.06,100
2026-08-30T07:18:52.000,9.81,95.84,14.27,100
2026-08-30T07:33:52.000,9.82,96.03,14.32,100
2026-08-30T07:48:52.000,9.81,95.96,14.35,100
2026-08-30T08:03:52.000,9.91,97.60,14.67,100
2026-08-30T08:18:52.000,9.92,97.73,14.68,100
2026-08-30T08:33:52.000,9.88,97.40,14.71,100
2026-08-30T08:48:52.000,9.82,96.49,14.55,100
2026-08-30T09:03:52.000,9.76,95.82,14.52,100
2026-08-30T09:18:52.000,9.71,95.31,14.49,100
2026-08-30T09:33:52.000,9.78,96.01,14.53,100
2026-08-30T09:48:52.000,9.73,95.53,14.51,100
2026-08-30T10:03:52.000,9.62,94.16,14.38,100
2026-08-30T10:18:52.000,9.57,93.56,14.30,100
2026-08-30T10:33:52.000,9.63,94.05,14.27,100
2026-08-30T10:48:52.000,9.65,94.33,14.31,100
2026-08-30T11:03:52.000,9.74,95.46,14.45,100
2026-08-30T11:18:52.000,9.61,93.66,14.20,100
2026-08-30T11:33:52.000,9.64,93.88,14.14,100
2026-08-30T11:48:52.000,9.60,93.45,14.10,100
2026-08-30T12:03:52.000,9.59,93.25,14.06,100
2026-08-30T12:18:52.000,9.54,92.63,13.99,100
2026-08-30T12:33:52.000,9.46,91.42,13.80,100
2026-08-30T12:48:52.000,9.53,92.21,13.85,100
2026-08-30T13:03:52.000,9.52,92.06,13.83,100
2026-08-30T13:18:52.000,9.17,87.30,13.12,100
2026-08-30T13:33:52.000,9.20,86.83,12.75,100
2026-08-30T13:48:52.000,9.19,86.66,12.69,100
2026-08-30T14:03:52.000,9.17,86.42,12.67,100
2026-08-30T14:18:52.000,9.18,86.48,12.64,100
2026-08-30T14:33:52.000,9.21,86.72,12.64,100
2026-08-30T14:48:52.000,9.18,86.47,12.63,100
2026-08-30T15:03:52.000,9.17,86.45,12.66,100
2026-08-30T15:18:52.000,9.17,86.39,12.63,100
2026-08-30T15:33:52.000,9.18,86.40,12.62,100
2026-08-30T15:48:52.000,9.16,86.18,12.56,100
2026-08-30T16:03:52.000,9.19,86.40,12.57,100
2026-08-30T16:18:52.000,9.20,86.58,12.59,100
2026-08-30T16:33:52.000,9.20,86.67,12.64,100
2026-08-30T16:48:52.000,9.21,86.98,12.75,100
2026-08-30T17:03:52.000,9.25,87.48,12.84,100
2026-08-30T17:18:52.000,9.31,88.24,12.91,100
2026-08-30T17:33:52.000,9.32,88.61,13.03,100
2026-08-30T17:48:52.000,9.20,87.24,12.93,100
2026-08-30T18:03:52.000,9.24,87.67,12.97,100
2026-08-30T18:18:52.000,9.29,88.42,13.10,100
2026-08-30T18:33:52.000,9.27,88.38,13.20,100
2026-08-30T18:48:52.000,9.32,89.07,13.27,100
2026-08-30T19:03:52.000,9.38,89.63,13.30,100
2026-08-30T19:18:52.000,9.33,89.23,13.30,100
2026-08-30T19:33:52.000,9.36,89.75,13.44,100
2026-08-30T19:48:52.000,9.53,91.89,13.68,100
2026-08-30T20:03:52.000,9.60,92.99,13.89,100
2026-08-30T20:18:52.000,9.58,92.94,13.95,100
2026-08-30T20:33:52.000,9.72,94.59,14.13,100
2026-08-30T20:48:52.000,9.64,93.90,14.15,100
2026-08-30T21:03:52.000,9.56,93.06,14.12,100
2026-08-30T21:18:52.000,9.60,93.43,14.13,100
2026-08-30T21:33:52.000,9.64,93.96,14.18,100
2026-08-30T21:48:52.000,9.61,93.71,14.18,100
2026-08-30T22:03:52.000,9.60,93.08,13.95,100
2026-08-30T22:18:52.000,9.54,92.41,13.89,100
2026-08-30T22:33:52.000,9.61,93.31,14.02,100
2026-08-30T22:48:52.000,9.62,93.84,14.21,100
2026-08-30T23:03:52.000,9.81,96.18,14.43,100
2026-08-30T23:18:52.000,9.83,96.48,14.48,100
2026-08-30T23:33:52.000,9.72,95.14,14.36,100
2026-08-30T23:48:52.000,9.72,95.16,14.37,100
2026-08-31T00:03:52.000,9.63,93.72,14.10,100
2026-08-31T00:18:52.000,9.59,93.06,13.96,100
2026-08-31T00:33:52.000,9.56,92.78,13.98,100
2026-08-31T00:48:52.000,9.55,92.50,13.89,100
2026-08-31T01:03:52.000,9.50,91.95,13.85,100
2026-08-31T01:18:52.000,9.50,91.80,13.79,100
2026-08-31T01:33:52.000,9.48,91.55,13.78,100
2026-08-31T01:48:52.000,9.17,87.09,13.01,100
2026-08-31T02:03:52.000,9.12,86.13,12.77,100
2026-08-31T02:18:52.000,9.11,86.00,12.75,100
2026-08-31T02:33:52.000,9.11,85.95,12.71,100
2026-08-31T02:48:52.000,9.14,86.46,12.82,100
2026-08-31T03:03:52.000,9.15,86.48,12.81,100
2026-08-31T03:18:52.000,9.25,87.73,12.96,100
2026-08-31T03:33:52.000,9.13,86.38,12.82,100
2026-08-31T03:48:52.000,9.14,86.36,12.77,100
2026-08-31T04:03:52.000,9.16,86.50,12.77,100
2026-08-31T04:18:52.000,9.18,86.69,12.77,100
2026-08-31T04:33:52.000,9.23,87.23,12.80,100
2026-08-31T04:48:52.000,9.18,86.69,12.74,100
2026-08-31T05:03:52.000,9.24,87.39,12.81,100
2026-08-31T05:18:52.000,9.24,87.58,12.89,100
2026-08-31T05:33:52.000,9.26,87.95,12.98,100
2026-08-31T05:48:52.000,9.25,87.75,12.94,100
2026-08-31T06:03:52.000,9.28,88.06,12.97,100
2026-08-31T06:18:52.000,9.33,88.72,13.05,100
2026-08-31T06:33:52.000,9.27,88.04,12.99,100
2026-08-31T06:48:52.000,9.28,88.03,12.95,100
2026-08-31T07:03:52.000,9.31,88.33,12.97,100
2026-08-31T07:18:52.000,9.33,88.75,13.06,100
2026-08-31T07:33:52.000,9.32,88.75,13.12,100
2026-08-31T07:48:52.000,9.33,89.05,13.22,100
2026-08-31T08:03:52.000,9.26,88.51,13.27,100
2026-08-31T08:18:52.000,9.35,89.45,13.33,100
2026-08-31T08:33:52.000,9.30,89.09,13.38,100
2026-08-31T08:48:52.000,9.34,89.82,13.58,100
2026-08-31T09:03:52.000,9.49,91.63,13.76,100
2026-08-31T09:18:52.000,9.52,92.30,13.93,100
2026-08-31T09:33:52.000,9.35,90.51,13.85,100
2026-08-31T09:48:52.000,9.79,95.88,14.41,100
2026-08-31T10:03:52.000,9.66,94.80,14.48,100
2026-08-31T10:18:52.000,9.59,93.17,14.01,100
2026-08-31T10:33:52.000,9.52,93.00,14.27,100
2026-08-31T10:48:52.000,9.44,91.46,13.91,100
2026-08-31T11:03:52.000,9.37,90.47,13.74,100
2026-08-31T11:18:52.000,9.39,90.72,13.77,100
2026-08-31T11:33:52.000,9.37,90.11,13.58,100
2026-08-31T11:48:52.000,9.35,89.85,13.51,100
2026-08-31T12:03:52.000,9.30,89.00,13.36,100
2026-08-31T12:18:52.000,9.40,90.30,13.51,100
2026-08-31T12:33:52.000,9.33,89.34,13.37,100
2026-08-31T12:48:52.000,9.29,88.92,13.33,100
2026-08-31T13:03:52.000,9.36,89.53,13.32,100
2026-08-31T13:18:52.000,9.33,89.33,13.36,100
2026-08-31T13:33:52.000,9.26,88.48,13.26,100
2026-08-31T13:48:52.000,9.26,88.21,13.12,100
2026-08-31T14:03:52.000,9.06,85.00,12.48,100
2026-08-31T14:18:52.000,9.10,85.43,12.48,100
2026-08-31T14:33:52.000,9.14,85.89,12.54,100
2026-08-31T14:48:52.000,9.07,85.20,12.53,100
2026-08-31T15:03:52.000,9.16,86.14,12.56,100
2026-08-31T15:18:52.000,9.15,86.39,12.76,100
2026-08-31T15:33:52.000,9.11,85.66,12.58,100
2026-08-31T15:48:52.000,9.12,85.89,12.64,100
2026-08-31T16:03:52.000,9.12,85.64,12.51,100
2026-08-31T16:18:52.000,9.09,85.55,12.58,100
2026-08-31T16:33:52.000,9.05,85.06,12.53,100
2026-08-31T16:48:52.000,9.10,85.46,12.52,100
2026-08-31T17:03:52.000,9.09,85.25,12.46,100
2026-08-31T17:18:52.000,9.11,85.46,12.47,100
2026-08-31T17:33:52.000,9.14,85.78,12.50,100
2026-08-31T17:48:52.000,9.13,85.93,12.61,100
2026-08-31T18:03:52.000,9.16,86.35,12.68,100
2026-08-31T18:18:52.000,9.18,86.71,12.77,100
2026-08-31T18:33:52.000,9.12,86.30,12.83,100
2026-08-31T18:48:52.000,9.18,86.88,12.86,100
2026-08-31T19:03:52.000,9.13,86.47,12.86,100
2026-08-31T19:18:52.000,9.29,88.36,13.07,100
2026-08-31T19:33:52.000,9.26,88.13,13.12,100
2026-08-31T19:48:52.000,9.29,88.53,13.15,100
2026-08-31T20:03:52.000,9.30,88.73,13.21,100
2026-08-31T20:18:52.000,9.33,89.23,13.30,100
2026-08-31T20:33:52.000,9.45,90.75,13.52,100
2026-08-31T20:48:52.000,9.51,91.46,13.59,100
2026-08-31T21:03:52.000,9.46,91.13,13.63,100
2026-08-31T21:18:52.000,9.51,91.89,13.78,100
2026-08-31T21:33:52.000,9.44,91.08,13.71,100
2026-08-31T21:48:52.000,9.43,90.92,13.67,100
2026-08-31T22:03:52.000,9.49,91.61,13.75,100
2026-08-31T22:18:52.000,9.56,92.44,13.83,100
2026-08-31T22:33:52.000,9.57,92.71,13.90,100
2026-08-31T22:48:52.000,9.55,92.33,13.81,100
2026-08-31T23:03:52.000,9.44,90.93,13.63,100
2026-08-31T23:18:52.000,9.41,90.25,13.46,100
2026-08-31T23:33:52.000,9.38,90.04,13.47,100
2026-08-31T23:48:52.000,9.43,90.57,13.49,100
2026-09-01T00:03:52.000,9.54,91.92,13.65,100
2026-09-01T00:18:52.000,9.67,93.79,13.96,100
2026-09-01T00:33:52.000,9.57,92.53,13.80,100
2026-09-01T00:48:52.000,9.47,91.16,13.63,100
2026-09-01T01:03:52.000,9.43,90.40,13.41,100
2026-09-01T01:18:52.000,9.43,90.41,13.44,100
2026-09-01T01:33:52.000,9.20,87.43,13.04,100
2026-09-01T01:48:52.000,9.19,87.17,12.95,100
2026-09-01T02:03:52.000,9.18,86.94,12.90,100
2026-09-01T02:18:52.000,9.22,87.55,13.01,100
2026-09-01T02:33:52.000,9.23,87.79,13.06,100
2026-09-01T02:48:52.000,9.16,86.86,12.95,100
2026-09-01T03:03:52.000,9.15,86.50,12.81,100
2026-09-01T03:18:52.000,9.15,86.36,12.75,100
2026-09-01T03:33:52.000,9.13,86.13,12.73,100
2026-09-01T03:48:52.000,9.10,86.04,12.78,100
2026-09-01T04:03:52.000,9.20,86.86,12.73,100
2026-09-01T04:18:52.000,9.09,85.88,12.75,100
2026-09-01T04:33:52.000,9.13,86.17,12.74,100
2026-09-01T04:48:52.000,9.11,86.01,12.73,100
2026-09-01T05:03:52.000,9.15,86.38,12.75,100
2026-09-01T05:18:52.000,9.16,86.53,12.75,100
2026-09-01T05:33:52.000,9.18,86.67,12.74,100
2026-09-01T05:48:52.000,9.19,86.85,12.77,100
2026-09-01T06:03:52.000,9.22,87.27,12.85,100
2026-09-01T06:18:52.000,9.20,87.12,12.88,100
2026-09-01T06:33:52.000,9.20,87.23,12.91,100
2026-09-01T06:48:52.000,9.23,87.52,12.93,100
2026-09-01T07:03:52.000,9.24,87.65,12.93,100
2026-09-01T07:18:52.000,9.25,87.74,12.94,100
2026-09-01T07:33:52.000,9.27,88.01,12.98,100
2026-09-01T07:48:52.000,9.27,88.11,13.06,100
2026-09-01T08:03:52.000,9.33,88.91,13.15,100
2026-09-01T08:18:52.000,9.29,88.63,13.21,100
2026-09-01T08:33:52.000,9.32,88.99,13.25,100
2026-09-01T08:48:52.000,9.32,89.10,13.32,100
2026-09-01T09:03:52.000,9.55,92.32,13.79,100
2026-09-01T09:18:52.000,9.61,92.90,13.82,100
2026-09-01T09:33:52.000,9.67,94.13,14.12,100
2026-09-01T09:48:52.000,9.71,94.67,14.18,100
2026-09-01T10:03:52.000,9.61,93.64,14.14,100
2026-09-01T10:18:52.000,9.67,94.31,14.19,100
2026-09-01T10:33:52.000,9.64,93.78,14.11,100
2026-09-01T10:48:52.000,9.62,93.70,14.13,100
2026-09-01T11:03:52.000,9.66,93.98,14.09,100
2026-09-01T11:18:52.000,9.56,92.89,14.03,100
2026-09-01T11:33:52.000,9.63,93.94,14.22,100
2026-09-01T11:48:52.000,9.63,93.95,14.23,100
2026-09-01T12:03:52.000,9.47,91.56,13.83,100
2026-09-01T12:18:52.000,9.44,91.25,13.81,100
2026-09-01T12:33:52.000,9.33,89.21,13.33,100
2026-09-01T12:48:52.000,9.21,87.72,13.12,100
2026-09-01T13:03:52.000,9.14,86.87,13.06,100
2026-09-01T13:18:52.000,9.20,86.97,12.79,100
2026-09-01T13:33:52.000,9.20,87.00,12.80,100
2026-09-01T13:48:52.000,9.22,87.34,12.87,100
2026-09-01T14:03:52.000,9.48,90.30,13.15,100
2026-09-01T14:18:52.000,9.29,88.53,13.14,100
2026-09-01T14:33:52.000,9.07,85.64,12.75,100
2026-09-01T14:48:52.000,9.11,85.72,12.58,100
2026-09-01T15:03:52.000,9.12,85.55,12.48,100
2026-09-01T15:18:52.000,9.13,85.76,12.50,100
2026-09-01T15:33:52.000,9.13,85.74,12.48,100
2026-09-01T15:48:52.000,9.13,85.78,12.50,100
2026-09-01T16:03:52.000,9.12,85.64,12.48,100
2026-09-01T16:18:52.000,9.12,85.66,12.51,100
2026-09-01T16:33:52.000,9.10,85.42,12.49,100
2026-09-01T16:48:52.000,9.08,85.22,12.49,100
2026-09-01T17:03:52.000,9.10,85.42,12.50,100
2026-09-01T17:18:52.000,9.12,85.65,12.51,100
2026-09-01T17:33:52.000,9.12,85.69,12.52,100
2026-09-01T17:48:52.000,9.17,86.33,12.60,100
2026-09-01T18:03:52.000,9.18,86.64,12.75,100
2026-09-01T18:18:52.000,9.19,86.92,12.80,100
2026-09-01T18:33:52.000,9.18,86.89,12.85,100
2026-09-01T18:48:52.000,9.29,88.25,13.00,100
2026-09-01T19:03:52.000,9.30,88.52,13.11,100
2026-09-01T19:18:52.000,9.30,88.66,13.15,100
2026-09-01T19:33:52.000,9.33,89.01,13.21,100
2026-09-01T19:48:52.000,9.28,88.35,13.14,100
2026-09-01T20:03:52.000,9.17,87.14,13.04,100
2026-09-01T20:18:52.000,9.23,87.79,13.09,100
2026-09-01T20:33:52.000,9.38,89.51,13.24,100
2026-09-01T20:48:52.000,9.58,92.26,13.63,100
2026-09-01T21:03:52.000,9.60,92.68,13.76,100
2026-09-01T21:18:52.000,9.67,93.58,13.83,100
2026-09-01T21:33:52.000,9.68,93.69,13.86,100
2026-09-01T21:48:52.000,9.72,94.25,13.93,100
2026-09-01T22:03:52.000,9.78,94.79,13.93,100
2026-09-01T22:18:52.000,9.71,94.20,13.95,100
2026-09-01T22:33:52.000,9.67,93.76,13.93,100
2026-09-01T22:48:52.000,9.64,93.53,13.97,100
2026-09-01T23:03:52.000,9.69,93.97,13.96,100
2026-09-01T23:18:52.000,9.75,94.78,14.05,100
2026-09-01T23:33:52.000,9.79,95.29,14.10,100
2026-09-01T23:48:52.000,9.71,94.42,14.09,100
2026-09-02T00:03:52.000,9.59,92.95,13.92,100
2026-09-02T00:18:52.000,9.65,93.38,13.86,100
2026-09-02T00:33:52.000,9.66,93.46,13.86,100
2026-09-02T00:48:52.000,9.87,95.72,13.96,100
2026-09-02T01:03:52.000,9.98,97.28,14.17,100
2026-09-02T01:18:52.000,9.67,94.27,14.19,100
2026-09-02T01:33:52.000,9.51,91.49,13.60,100
2026-09-02T01:48:52.000,9.41,90.34,13.48,100
2026-09-02T02:03:52.000,9.34,89.36,13.33,100
2026-09-02T02:18:52.000,9.30,88.89,13.27,100
2026-09-02T02:33:52.000,9.44,90.55,13.44,100
2026-09-02T02:48:52.000,9.42,90.34,13.47,100
2026-09-02T03:03:52.000,9.34,89.69,13.50,100
2026-09-02T03:18:52.000,9.27,88.55,13.25,100
2026-09-02T03:33:52.000,9.21,87.65,13.10,100
2026-09-02T03:48:52.000,9.20,87.42,13.03,100
2026-09-02T04:03:52.000,9.14,86.58,12.88,100
2026-09-02T04:18:52.000,9.11,86.18,12.82,100
2026-09-02T04:33:52.000,9.08,85.83,12.81,100
2026-09-02T04:48:52.000,9.07,85.78,12.80,100
2026-09-02T05:03:52.000,9.08,85.78,12.79,100
2026-09-02T05:18:52.000,9.06,85.67,12.79,100
2026-09-02T05:33:52.000,9.06,85.56,12.77,100
2026-09-02T05:48:52.000,9.07,85.69,12.78,100
2026-09-02T06:03:52.000,9.08,85.82,12.79,100
2026-09-02T06:18:52.000,9.09,85.98,12.81,100
2026-09-02T06:33:52.000,9.10,86.17,12.85,100
2026-09-02T06:48:52.000,9.09,86.06,12.87,100
2026-09-02T07:03:52.000,9.11,86.40,12.93,100
2026-09-02T07:18:52.000,9.23,87.75,13.03,100
2026-09-02T07:33:52.000,9.33,88.82,13.12,100
2026-09-02T07:48:52.000,9.40,89.82,13.27,100
2026-09-02T08:03:52.000,9.46,90.61,13.36,100
2026-09-02T08:18:52.000,9.44,90.48,13.40,100
2026-09-02T08:33:52.000,9.35,89.35,13.30,100
2026-09-02T08:48:52.000,9.25,88.35,13.24,100
2026-09-02T09:03:52.000,9.28,88.63,13.26,100
2026-09-02T09:18:52.000,9.78,94.67,13.85,100
2026-09-02T09:33:52.000,9.81,95.19,13.99,100
2026-09-02T09:48:52.000,9.85,95.79,14.09,100
2026-09-02T10:03:52.000,9.82,95.66,14.13,100
2026-09-02T10:18:52.000,9.80,95.49,14.14,100
2026-09-02T10:33:52.000,9.80,95.49,14.17,100
2026-09-02T10:48:52.000,9.76,95.15,14.17,100
2026-09-02T11:03:52.000,9.71,94.59,14.15,100
2026-09-02T11:18:52.000,9.82,95.71,14.17,100
2026-09-02T11:33:52.000,9.78,95.32,14.18,100
2026-09-02T11:48:52.000,9.79,95.44,14.19,100
2026-09-02T12:03:52.000,9.78,95.44,14.21,100
2026-09-02T12:18:52.000,9.64,93.51,13.97,100
2026-09-02T12:33:52.000,9.65,93.43,13.87,100
2026-09-02T12:48:52.000,9.64,93.40,13.91,100
2026-09-02T13:03:52.000,9.66,93.76,13.96,100
2026-09-02T13:18:52.000,9.30,89.74,13.72,100
2026-09-02T13:33:52.000,9.43,90.18,13.33,100
2026-09-02T13:48:52.000,9.45,90.63,13.44,100
2026-09-02T14:03:52.000,9.35,89.49,13.33,100
2026-09-02T14:18:52.000,9.26,88.34,13.20,100
2026-09-02T14:33:52.000,9.70,93.50,13.68,100
2026-09-02T14:48:52.000,9.39,89.97,13.42,100
2026-09-02T15:03:52.000,9.33,89.44,13.42,100
2026-09-02T15:18:52.000,9.22,87.70,13.08,100
2026-09-02T15:33:52.000,9.23,87.72,13.02,100
2026-09-02T15:48:52.000,9.17,86.80,12.86,100
2026-09-02T16:03:52.000,9.19,86.98,12.84,100
2026-09-02T16:18:52.000,9.14,86.49,12.83,100
2026-09-02T16:33:52.000,9.11,86.12,12.79,100
2026-09-02T16:48:52.000,9.10,85.88,12.73,100
2026-09-02T17:03:52.000,9.07,85.64,12.74,100
2026-09-02T17:18:52.000,9.06,85.57,12.74,100
2026-09-02T17:33:52.000,9.05,85.37,12.71,100
2026-09-02T17:48:52.000,9.05,85.42,12.72,100
2026-09-02T18:03:52.000,9.13,86.24,12.76,100
2026-09-02T18:18:52.000,9.19,87.04,12.88,100
2026-09-02T18:33:52.000,9.20,87.28,12.98,100
2026-09-02T18:48:52.000,9.26,88.10,13.10,100
2026-09-02T19:03:52.000,9.28,88.40,13.12,100
2026-09-02T19:18:52.000,9.39,89.74,13.28,100
2026-09-02T19:33:52.000,9.51,91.19,13.46,100
2026-09-02T19:48:52.000,9.54,91.68,13.51,100
2026-09-02T20:03:52.000,9.53,91.61,13.56,100
2026-09-02T20:18:52.000,9.54,91.84,13.60,100
2026-09-02T20:33:52.000,9.48,91.09,13.52,100
2026-09-02T20:48:52.000,9.49,91.26,13.56,100
2026-09-02T21:03:52.000,9.77,94.33,13.76,100
2026-09-02T21:18:52.000,9.87,95.93,14.06,100
2026-09-02T21:33:52.000,9.96,96.76,14.04,100
2026-09-02T21:48:52.000,9.95,96.83,14.12,100
2026-09-02T22:03:52.000,10.03,97.77,14.20,100
2026-09-02T22:18:52.000,10.07,98.34,14.26,100
2026-09-02T22:33:52.000,10.07,98.43,14.31,100
2026-09-02T22:48:52.000,10.16,99.53,14.41,100
2026-09-02T23:03:52.000,10.20,99.88,14.41,100
2026-09-02T23:18:52.000,10.35,99.98,14.57,100
2026-09-02T23:33:52.000,10.44,99.98,14.62,100
2026-09-02T23:48:52.000,10.38,99.98,14.62,100
2026-09-03T00:03:52.000,10.26,99.98,14.59,100
2026-09-03T00:18:52.000,10.15,99.58,14.46,100
2026-09-03T00:33:52.000,10.15,99.60,14.47,100
2026-09-03T00:48:52.000,10.17,99.66,14.43,100
2026-09-03T01:03:52.000,10.06,98.35,14.31,100
2026-09-03T01:18:52.000,10.17,99.61,14.42,100
2026-09-03T01:33:52.000,10.34,99.98,14.42,100
2026-09-03T01:48:52.000,10.32,99.98,14.48,100
2026-09-03T02:03:52.000,10.21,99.98,14.43,100
2026-09-03T02:18:52.000,9.82,95.93,14.27,100
2026-09-03T02:33:52.000,9.71,94.15,13.95,100
2026-09-03T02:48:52.000,9.59,92.65,13.78,100
2026-09-03T03:03:52.000,9.61,92.98,13.83,100
2026-09-03T03:18:52.000,10.00,97.51,14.18,100
2026-09-03T03:33:52.000,9.95,97.09,14.23,100
2026-09-03T03:48:52.000,9.74,94.65,14.05,100
2026-09-03T04:03:52.000,9.57,92.95,14.00,100
2026-09-03T04:18:52.000,9.50,91.44,13.59,100
2026-09-03T04:33:52.000,9.43,90.50,13.47,100
2026-09-03T04:48:52.000,9.36,89.57,13.34,100
2026-09-03T05:03:52.000,9.26,88.32,13.18,100
2026-09-03T05:18:52.000,9.25,88.03,13.12,100
2026-09-03T05:33:52.000,9.22,87.76,13.09,100
2026-09-03T05:48:52.000,9.20,87.53,13.08,100
2026-09-03T06:03:52.000,9.19,87.45,13.09,100
2026-09-03T06:18:52.000,9.18,87.29,13.07,100
2026-09-03T06:33:52.000,9.19,87.43,13.07,100
2026-09-03T06:48:52.000,9.23,87.83,13.12,100
2026-09-03T07:03:52.000,9.30,88.76,13.22,100
2026-09-03T07:18:52.000,9.38,89.89,13.39,100
2026-09-03T07:33:52.000,9.25,88.25,13.23,100
2026-09-03T07:48:52.000,9.44,90.33,13.35,100
2026-09-03T08:03:52.000,9.57,92.05,13.59,100
2026-09-03T08:18:52.000,9.66,93.22,13.75,100
2026-09-03T08:33:52.000,9.41,90.37,13.51,100
2026-09-03T08:48:52.000,9.78,94.59,13.83,100
2026-09-03T09:03:52.000,9.99,97.21,14.08,100
2026-09-03T09:18:52.000,9.90,96.27,14.08,100
2026-09-03T09:33:52.000,9.42,90.82,13.70,100
2026-09-03T09:48:52.000,9.69,93.78,13.87,100
2026-09-03T10:03:52.000,10.12,99.19,14.44,100
2026-09-03T10:18:52.000,10.10,99.04,14.46,100
2026-09-03T10:33:52.000,10.09,99.06,14.52,100
2026-09-03T10:48:52.000,10.17,99.98,14.62,100
2026-09-03T11:03:52.000,10.10,99.23,14.55,100
2026-09-03T11:18:52.000,10.09,99.16,14.55,100
2026-09-03T11:33:52.000,10.08,99.12,14.57,100
2026-09-03T11:48:52.000,10.07,99.05,14.59,100
2026-09-03T12:03:52.000,10.06,99.07,14.64,100
2026-09-03T12:18:52.000,10.09,99.44,14.67,100
2026-09-03T12:33:52.000,10.06,99.11,14.67,100
2026-09-03T12:48:52.000,10.10,99.49,14.68,100
2026-09-03T13:03:52.000,10.00,98.32,14.58,100
2026-09-03T13:18:52.000,9.94,97.53,14.48,100
2026-09-03T13:33:52.000,9.90,96.97,14.42,100
2026-09-03T13:48:52.000,9.91,97.21,14.46,100
2026-09-03T14:03:52.000,10.04,98.51,14.50,100
2026-09-03T14:18:52.000,9.56,92.59,13.88,100
2026-09-03T14:33:52.000,10.06,98.61,14.42,100
2026-09-03T14:48:52.000,10.05,98.67,14.50,100
2026-09-03T15:03:52.000,9.97,97.83,14.48,100
2026-09-03T15:18:52.000,9.94,97.45,14.43,100
2026-09-03T15:33:52.000,9.94,97.41,14.42,100
2026-09-03T15:48:52.000,9.88,96.63,14.32,100
2026-09-03T16:03:52.000,9.87,96.53,14.32,100
2026-09-03T16:18:52.000,9.51,92.23,13.94,100
2026-09-03T16:33:52.000,9.35,89.45,13.34,100
2026-09-03T16:48:52.000,9.30,88.77,13.21,100
2026-09-03T17:03:52.000,9.26,88.21,13.15,100
2026-09-03T17:18:52.000,9.26,88.10,13.10,100
2026-09-03T17:33:52.000,9.20,87.43,13.05,100
2026-09-03T17:48:52.000,9.21,87.56,13.05,100
2026-09-03T18:03:52.000,9.19,87.32,13.03,100
2026-09-03T18:18:52.000,9.19,87.21,12.99,100
2026-09-03T18:33:52.000,9.20,87.33,13.00,100
2026-09-03T18:48:52.000,9.26,88.08,13.08,100
2026-09-03T19:03:52.000,9.29,88.58,13.18,100
2026-09-03T19:18:52.000,9.31,88.92,13.26,100
2026-09-03T19:33:52.000,9.30,88.78,13.23,100
2026-09-03T19:48:52.000,9.42,90.25,13.39,100
2026-09-03T20:03:52.000,9.37,89.92,13.47,100
2026-09-03T20:18:52.000,9.52,91.68,13.62,100
2026-09-03T20:33:52.000,9.56,92.28,13.76,100
2026-09-03T20:48:52.000,9.48,91.25,13.62,100
2026-09-03T21:03:52.000,9.46,90.94,13.53,100
2026-09-03T21:18:52.000,9.48,91.30,13.64,100
2026-09-03T21:33:52.000,9.50,91.69,13.73,100
2026-09-03T21:48:52.000,9.45,91.20,13.72,100
2026-09-03T22:03:52.000,9.48,91.53,13.76,100
2026-09-03T22:18:52.000,9.69,93.97,13.96,100
2026-09-03T22:33:52.000,9.98,97.99,14.50,100
2026-09-03T22:48:52.000,10.01,98.45,14.59,100
2026-09-03T23:03:52.000,9.97,98.00,14.57,100
2026-09-03T23:18:52.000,9.99,98.36,14.66,100
2026-09-03T23:33:52.000,10.01,98.59,14.67,100
2026-09-03T23:48:52.000,10.03,98.80,14.66,100
2026-09-04T00:03:52.000,10.02,98.72,14.66,100
2026-09-04T00:18:52.000,10.11,99.69,14.73,100
2026-09-04T00:33:52.000,10.07,99.32,14.73,100
2026-09-04T00:48:52.000,10.00,98.44,14.64,100
2026-09-04T01:03:52.000,9.94,97.93,14.65,100
2026-09-04T01:18:52.000,9.99,98.41,14.67,100
2026-09-04T01:33:52.000,9.87,97.00,14.56,100
2026-09-04T01:48:52.000,9.78,95.64,14.33,100
2026-09-04T02:03:52.000,9.74,95.15,14.27,100
2026-09-04T02:18:52.000,9.75,95.26,14.30,100
2026-09-04T02:33:52.000,9.82,96.17,14.38,100
2026-09-04T02:48:52.000,9.85,96.47,14.41,100
2026-09-04T03:03:52.000,9.79,95.22,14.08,100
2026-09-04T03:18:52.000,10.00,97.84,14.37,100
2026-09-04T03:33:52.000,9.86,96.61,14.41,100
2026-09-04T03:48:52.000,9.68,94.38,14.21,100
2026-09-04T04:03:52.000,9.68,94.35,14.20,100
2026-09-04T04:18:52.000,9.70,94.55,14.20,100
2026-09-04T04:33:52.000,9.51,92.66,14.15,100
2026-09-04T04:48:52.000,9.16,87.10,13.08,100
2026-09-04T05:03:52.000,9.14,86.63,12.91,100
2026-09-04T05:18:52.000,9.15,86.61,12.86,100
2026-09-04T05:33:52.000,9.15,86.58,12.86,100
2026-09-04T05:48:52.000,9.15,86.70,12.88,100
2026-09-04T06:03:52.000,9.14,86.53,12.87,100
2026-09-04T06:18:52.000,9.11,86.26,12.86,100
2026-09-04T06:33:52.000,9.09,86.06,12.86,100
2026-09-04T06:48:52.000,9.10,86.18,12.87,100
2026-09-04T07:03:52.000,9.10,86.00,12.81,100
2026-09-04T07:18:52.000,9.08,85.80,12.80,100
2026-09-04T07:33:52.000,9.12,86.33,12.84,100
2026-09-04T07:48:52.000,9.10,86.16,12.84,100
2026-09-04T08:03:52.000,9.10,86.17,12.88,100
2026-09-04T08:18:52.000,9.13,86.49,12.89,100
2026-09-04T08:33:52.000,9.15,86.84,12.96,100
2026-09-04T08:48:52.000,9.12,86.56,12.99,100
2026-09-04T09:03:52.000,9.17,87.19,13.05,100
2026-09-04T09:18:52.000,9.03,85.85,13.03,100
2026-09-04T09:33:52.000,9.23,88.04,13.18,100
2026-09-04T09:48:52.000,9.01,85.48,12.95,100
2026-09-04T10:03:52.000,8.98,85.15,12.92,100
2026-09-04T10:18:52.000,9.08,86.23,13.02,100
2026-09-04T10:33:52.000,9.29,88.73,13.28,100
2026-09-04T10:48:52.000,9.37,89.81,13.42,100
2026-09-04T11:03:52.000,9.35,89.71,13.47,100
2026-09-04T11:18:52.000,9.40,90.38,13.55,100
2026-09-04T11:33:52.000,9.42,90.81,13.68,100
2026-09-04T11:48:52.000,9.46,91.52,13.83,100
2026-09-04T12:03:52.000,9.48,91.89,13.94,100
2026-09-04T12:18:52.000,9.54,92.69,14.03,100
2026-09-04T12:33:52.000,9.57,93.23,14.16,100
2026-09-04T12:48:52.000,9.54,92.86,14.12,100
2026-09-04T13:03:52.000,9.55,93.17,14.21,100
2026-09-04T13:18:52.000,9.61,93.76,14.23,100
2026-09-04T13:33:52.000,9.64,94.18,14.30,100
2026-09-04T13:48:52.000,9.53,92.98,14.21,100
2026-09-04T14:03:52.000,9.51,92.50,14.10,100
2026-09-04T14:18:52.000,9.52,92.79,14.18,100
2026-09-04T14:33:52.000,9.48,92.29,14.12,100
2026-09-04T14:48:52.000,9.58,93.49,14.24,100
2026-09-04T15:03:52.000,9.40,90.80,13.79,100
2026-09-04T15:18:52.000,9.40,90.12,13.45,100
2026-09-04T15:33:52.000,9.34,89.66,13.50,100
2026-09-04T15:48:52.000,9.41,91.15,13.90,100
2026-09-04T16:03:52.000,9.38,90.74,13.84,100
2026-09-04T16:18:52.000,9.39,90.77,13.80,100
2026-09-04T16:33:52.000,9.01,86.51,13.48,100
2026-09-04T16:48:52.000,9.10,86.59,13.07,100
2026-09-04T17:03:52.000,9.03,85.77,13.02,100
2026-09-04T17:18:52.000,9.07,86.19,13.04,100
2026-09-04T17:33:52.000,9.02,85.50,12.94,100
2026-09-04T17:48:52.000,9.02,85.43,12.89,100
2026-09-04T18:03:52.000,9.01,85.27,12.86,100
2026-09-04T18:18:52.000,9.01,85.27,12.86,100
2026-09-04T18:33:52.000,9.00,85.25,12.88,100
2026-09-04T18:48:52.000,8.98,85.07,12.89,100
2026-09-04T19:03:52.000,8.99,85.19,12.91,100
2026-09-04T19:18:52.000,9.02,85.54,12.92,100
2026-09-04T19:33:52.000,9.04,85.67,12.93,100
2026-09-04T19:48:52.000,9.01,85.37,12.91,100
2026-09-04T20:03:52.000,9.02,85.52,12.94,100
2026-09-04T20:18:52.000,9.04,85.87,12.99,100
2026-09-04T20:33:52.000,9.11,86.71,13.11,100
2026-09-04T20:48:52.000,9.14,87.11,13.18,100
2026-09-04T21:03:52.000,9.15,87.24,13.19,100
2026-09-04T21:18:52.000,9.15,87.28,13.21,100
2026-09-04T21:33:52.000,9.13,87.15,13.22,100
2026-09-04T21:48:52.000,9.14,87.24,13.23,100
2026-09-04T22:03:52.000,9.19,87.80,13.28,100
2026-09-04T22:18:52.000,9.12,87.13,13.27,100
2026-09-04T22:33:52.000,9.13,87.21,13.28,100
2026-09-04T22:48:52.000,9.18,87.85,13.35,100
2026-09-04T23:03:52.000,9.36,90.05,13.60,100
2026-09-04T23:18:52.000,9.45,91.29,13.78,100
2026-09-04T23:33:52.000,9.51,92.32,13.98,100
2026-09-04T23:48:52.000,9.55,92.80,14.04,100
2026-09-05T00:03:52.000,9.56,93.01,14.09,100
2026-09-05T00:18:52.000,9.50,92.53,14.12,100
2026-09-05T00:33:52.000,9.55,93.12,14.19,100
2026-09-05T00:48:52.000,9.50,92.53,14.14,100
2026-09-05T01:03:52.000,9.56,93.16,14.16,100
2026-09-05T01:18:52.000,9.56,93.20,14.19,100
2026-09-05T01:33:52.000,9.60,93.78,14.27,100
2026-09-05T01:48:52.000,9.80,95.97,14.41,100
2026-09-05T02:03:52.000,9.86,96.91,14.58,100
2026-09-05T02:18:52.000,9.63,94.40,14.41,100
2026-09-05T02:33:52.000,9.64,94.04,14.21,100
2026-09-05T02:48:52.000,9.62,93.78,14.17,100
2026-09-05T03:03:52.000,9.64,94.13,14.27,100
2026-09-05T03:18:52.000,9.60,93.87,14.34,100
2026-09-05T03:33:52.000,9.44,91.34,13.87,100
2026-09-05T03:48:52.000,9.62,93.51,14.06,100
2026-09-05T04:03:52.000,9.54,92.81,14.08,100
2026-09-05T04:18:52.000,9.15,88.13,13.65,100
2026-09-05T04:33:52.000,9.51,92.24,13.97,100
2026-09-05T04:48:52.000,9.45,91.56,13.91,100
2026-09-05T05:03:52.000,9.34,90.09,13.72,100
2026-09-05T05:18:52.000,9.38,90.44,13.70,100
2026-09-05T05:33:52.000,9.10,86.53,13.06,100
2026-09-05T05:48:52.000,9.07,86.05,12.97,100
2026-09-05T06:03:52.000,9.09,86.34,13.00,100
2026-09-05T06:18:52.000,9.03,85.62,12.91,100
2026-09-05T06:33:52.000,9.05,85.83,12.92,100
2026-09-05T06:48:52.000,9.04,85.64,12.87,100
2026-09-05T07:03:52.000,9.06,85.81,12.88,100
2026-09-05T07:18:52.000,9.04,85.54,12.84,100
2026-09-05T07:33:52.000,9.04,85.49,12.80,100
2026-09-05T07:48:52.000,9.01,85.16,12.79,100
2026-09-05T08:03:52.000,9.00,85.09,12.79,100
2026-09-05T08:18:52.000,8.99,85.03,12.81,100
2026-09-05T08:33:52.000,8.98,84.88,12.79,100
2026-09-05T08:48:52.000,9.02,85.18,12.75,100
2026-09-05T09:03:52.000,9.02,85.21,12.75,100
2026-09-05T09:18:52.000,9.04,85.37,12.77,100
2026-09-05T09:33:52.000,9.06,85.68,12.82,100
2026-09-05T09:48:52.000,9.06,85.83,12.88,100
2026-09-05T10:03:52.000,9.07,85.99,12.93,100
2026-09-05T10:18:52.000,9.10,86.35,12.98,100
2026-09-05T10:33:52.000,9.12,86.68,13.04,100
2026-09-05T10:48:52.000,9.08,86.36,13.07,100
2026-09-05T11:03:52.000,9.17,87.28,13.12,100
2026-09-05T11:18:52.000,9.16,87.38,13.20,100
2026-09-05T11:33:52.000,9.17,87.61,13.25,100
2026-09-05T11:48:52.000,9.22,88.16,13.30,100
2026-09-05T12:03:52.000,9.16,87.65,13.35,100
2026-09-05T12:18:52.000,9.25,88.63,13.38,100
2026-09-05T12:33:52.000,9.31,89.41,13.50,100
2026-09-05T12:48:52.000,9.32,89.77,13.64,100
2026-09-05T13:03:52.000,9.27,89.30,13.64,100
2026-09-05T13:18:52.000,9.27,89.30,13.66,100
2026-09-05T13:33:52.000,9.31,89.85,13.74,100
2026-09-05T13:48:52.000,9.30,89.59,13.62,100
2026-09-05T14:03:52.000,9.33,90.06,13.74,100
2026-09-05T14:18:52.000,9.34,90.48,13.90,100
2026-09-05T14:33:52.000,9.34,90.25,13.78,100
2026-09-05T14:48:52.000,9.37,90.53,13.79,100
2026-09-05T15:03:52.000,9.30,89.93,13.81,100
2026-09-05T15:18:52.000,9.40,91.08,13.93,100
2026-09-05T15:33:52.000,9.12,87.71,13.55,100
2026-09-05T15:48:52.000,9.29,89.05,13.40,100
2026-09-05T16:03:52.000,9.21,88.15,13.33,100
2026-09-05T16:18:52.000,9.11,86.53,13.03,100
2026-09-05T16:33:52.000,9.15,87.25,13.18,100
2026-09-05T16:48:52.000,9.12,86.63,13.02,100
2026-09-05T17:03:52.000,9.24,88.63,13.43,100
2026-09-05T17:18:52.000,9.24,88.50,13.41,100
2026-09-05T17:33:52.000,9.22,88.24,13.33,100
2026-09-05T17:48:52.000,9.21,88.10,13.33,100
2026-09-05T18:03:52.000,9.22,88.29,13.36,100
2026-09-05T18:18:52.000,9.22,88.28,13.37,100
2026-09-05T18:33:52.000,9.05,86.65,13.38,100
2026-09-05T18:48:52.000,9.08,86.11,12.92,100
2026-09-05T19:03:52.000,9.09,86.03,12.82,100
2026-09-05T19:18:52.000,9.09,86.00,12.81,100
2026-09-05T19:33:52.000,9.11,86.34,12.90,100
2026-09-05T19:48:52.000,9.10,86.19,12.88,100
2026-09-05T20:03:52.000,9.07,85.87,12.88,100
2026-09-05T20:18:52.000,9.07,85.87,12.86,100
2026-09-05T20:33:52.000,9.11,86.21,12.84,100
2026-09-05T20:48:52.000,9.11,86.23,12.86,100
2026-09-05T21:03:52.000,9.09,86.09,12.88,100
2026-09-05T21:18:52.000,9.08,86.01,12.90,100
2026-09-05T21:33:52.000,9.06,85.90,12.91,100
2026-09-05T21:48:52.000,9.10,86.28,12.94,100
2026-09-05T22:03:52.000,9.16,86.99,13.01,100
2026-09-05T22:18:52.000,9.22,87.69,13.09,100
2026-09-05T22:33:52.000,9.27,88.23,13.12,100
2026-09-05T22:48:52.000,9.29,88.49,13.16,100
2026-09-05T23:03:52.000,9.29,88.63,13.19,100
2026-09-05T23:18:52.000,9.31,88.87,13.25,100
2026-09-05T23:33:52.000,9.27,88.53,13.26,100
2026-09-05T23:48:52.000,9.29,88.80,13.28,100
2026-09-06T00:03:52.000,9.28,88.76,13.34,100
2026-09-06T00:18:52.000,9.31,89.30,13.44,100
2026-09-06T00:33:52.000,9.36,89.69,13.42,100
2026-09-06T00:48:52.000,9.36,89.76,13.46,100
2026-09-06T01:03:52.000,9.53,91.79,13.63,100
2026-09-06T01:18:52.000,9.47,91.28,13.65,100
2026-09-06T01:33:52.000,9.52,92.05,13.81,100
2026-09-06T01:48:52.000,9.48,91.56,13.75,100
2026-09-06T02:03:52.000,9.54,92.46,13.90,100
2026-09-06T02:18:52.000,9.51,92.16,13.92,100
2026-09-06T02:33:52.000,9.59,93.36,14.13,100
2026-09-06T02:48:52.000,9.55,93.20,14.23,100
2026-09-06T03:03:52.000,9.51,92.79,14.21,100
2026-09-06T03:18:52.000,9.53,93.10,14.27,100
2026-09-06T03:33:52.000,9.56,93.46,14.32,100
2026-09-06T03:48:52.000,9.60,94.02,14.41,100
2026-09-06T04:03:52.000,9.39,91.18,13.99,100
2026-09-06T04:18:52.000,9.45,91.42,13.85,100
2026-09-06T04:33:52.000,9.44,91.72,14.03,100
2026-09-06T04:48:52.000,9.54,92.45,13.92,100
2026-09-06T05:03:52.000,9.50,92.06,13.92,100
2026-09-06T05:18:52.000,9.46,91.55,13.84,100
2026-09-06T05:33:52.000,9.44,91.30,13.80,100
2026-09-06T05:48:52.000,9.43,91.06,13.77,100
2026-09-06T06:03:52.000,9.43,90.97,13.73,100
2026-09-06T06:18:52.000,9.43,90.96,13.72,100
2026-09-06T06:33:52.000,9.32,89.07,13.30,100
2026-09-06T06:48:52.000,9.30,88.93,13.32,100
2026-09-06T07:03:52.000,9.25,88.33,13.23,100
2026-09-06T07:18:52.000,9.27,88.26,13.14,100
2026-09-06T07:33:52.000,9.28,88.46,13.17,100
2026-09-06T07:48:52.000,9.26,88.23,13.14,100
2026-09-06T08:03:52.000,9.29,88.43,13.12,100
2026-09-06T08:18:52.000,9.28,88.33,13.12,100
2026-09-06T08:33:52.000,9.25,88.06,13.10,100
2026-09-06T08:48:52.000,9.17,87.28,13.09,100
2026-09-06T09:03:52.000,9.33,88.91,13.18,100
2026-09-06T09:18:52.000,9.23,87.81,13.10,100
2026-09-06T09:33:52.000,9.22,87.72,13.10,100
2026-09-06T09:48:52.000,9.22,87.71,13.07,100
2026-09-06T10:03:52.000,9.25,87.97,13.09,100
2026-09-06T10:18:52.000,9.24,88.00,13.13,100
2026-09-06T10:33:52.000,9.23,87.87,13.13,100
2026-09-06T10:48:52.000,9.29,88.61,13.19,100
2026-09-06T11:03:52.000,9.32,89.10,13.30,100
2026-09-06T11:18:52.000,9.32,89.17,13.35,100
2026-09-06T11:33:52.000,9.26,88.70,13.37,100
2026-09-06T11:48:52.000,9.31,89.15,13.36,100
2026-09-06T12:03:52.000,9.28,88.76,13.33,100
2026-09-06T12:18:52.000,9.28,88.85,13.35,100
2026-09-06T12:33:52.000,9.30,89.13,13.40,100
2026-09-06T12:48:52.000,9.40,90.23,13.49,100
2026-09-06T13:03:52.000,9.42,90.53,13.55,100
2026-09-06T13:18:52.000,9.38,90.35,13.64,100
2026-09-06T13:33:52.000,9.43,90.83,13.64,100
2026-09-06T13:48:52.000,9.37,90.28,13.64,100
2026-09-06T14:03:52.000,9.45,91.18,13.70,100
2026-09-06T14:18:52.000,9.60,93.28,14.05,100
2026-09-06T14:33:52.000,9.46,91.74,13.97,100
2026-09-06T14:48:52.000,9.51,92.39,14.02,100
2026-09-06T15:03:52.000,9.41,91.18,13.93,100
2026-09-06T15:18:52.000,9.42,91.16,13.85,100
2026-09-06T15:33:52.000,9.43,91.26,13.83,100
2026-09-06T15:48:52.000,9.45,91.49,13.88,100
2026-09-06T16:03:52.000,9.46,91.75,13.94,100
2026-09-06T16:18:52.000,9.46,91.80,13.96,100
2026-09-06T16:33:52.000,9.48,92.10,14.03,100
2026-09-06T16:48:52.000,9.50,92.46,14.09,100
2026-09-06T17:03:52.000,9.54,92.93,14.14,100
2026-09-06T17:18:52.000,9.35,90.34,13.79,100
2026-09-06T17:33:52.000,9.28,88.96,13.42,100
2026-09-06T17:48:52.000,9.51,91.90,13.80,100
2026-09-06T18:03:52.000,9.44,91.30,13.84,100
2026-09-06T18:18:52.000,9.44,91.32,13.83,100
2026-09-06T18:33:52.000,9.22,89.12,13.78,100
2026-09-06T18:48:52.000,9.28,88.68,13.26,100
2026-09-06T19:03:52.000,9.24,88.07,13.16,100
2026-09-06T19:18:52.000,9.33,89.03,13.19,100
2026-09-06T19:33:52.000,9.27,88.62,13.28,100
2026-09-06T19:48:52.000,9.26,88.07,13.08,100
2026-09-06T20:03:52.000,9.25,87.80,13.00,100
2026-09-06T20:18:52.000,9.25,87.83,13.00,100
2026-09-06T20:33:52.000,9.24,87.88,13.05,100
2026-09-06T20:48:52.000,9.24,87.75,13.00,100
2026-09-06T21:03:52.000,9.28,88.16,13.01,100
2026-09-06T21:18:52.000,9.27,88.12,13.03,100
2026-09-06T21:33:52.000,9.22,87.64,13.02,100
2026-09-06T21:48:52.000,9.24,87.83,13.02,100
2026-09-06T22:03:52.000,9.25,87.86,13.02,100
2026-09-06T22:18:52.000,9.23,87.68,13.00,100
2026-09-06T22:33:52.000,9.22,87.58,13.00,100
2026-09-06T22:48:52.000,9.20,87.43,13.04,100
2026-09-06T23:03:52.000,9.26,88.07,13.05,100
2026-09-06T23:18:52.000,9.30,88.55,13.13,100
2026-09-06T23:33:52.000,9.32,88.93,13.22,100
2026-09-06T23:48:52.000,9.36,89.48,13.31,100
2026-09-07T00:03:52.000,9.36,89.60,13.37,100
2026-09-07T00:18:52.000,9.38,89.92,13.42,100
2026-09-07T00:33:52.000,9.39,90.07,13.44,100
2026-09-07T00:48:52.000,9.42,90.47,13.52,100
2026-09-07T01:03:52.000,9.45,90.90,13.57,100
2026-09-07T01:18:52.000,9.61,93.05,13.89,100
2026-09-07T01:33:52.000,9.63,93.37,13.93,100
2026-09-07T01:48:52.000,9.56,92.44,13.83,100
2026-09-07T02:03:52.000,9.59,92.87,13.87,100
2026-09-07T02:18:52.000,9.63,93.40,13.96,100
2026-09-07T02:33:52.000,9.68,94.13,14.05,100
2026-09-07T02:48:52.000,9.65,93.76,14.05,100
2026-09-07T03:03:52.000,9.63,93.76,14.15,100
2026-09-07T03:18:52.000,9.73,94.94,14.22,100
2026-09-07T03:33:52.000,9.68,94.43,14.21,100
2026-09-07T03:48:52.000,9.62,93.77,14.18,100
2026-09-07T04:03:52.000,9.63,93.78,14.13,100
2026-09-07T04:18:52.000,9.60,93.37,14.08,100
2026-09-07T04:33:52.000,9.64,93.74,14.09,100
2026-09-07T04:48:52.000,9.60,93.37,14.10,100
2026-09-07T05:03:52.000,9.57,92.91,13.98,100
2026-09-07T05:18:52.000,9.53,92.41,13.94,100
2026-09-07T05:33:52.000,9.56,92.74,13.96,100
2026-09-07T05:48:52.000,9.50,92.06,13.93,100
2026-09-07T06:03:52.000,9.55,92.52,13.92,100
2026-09-07T06:18:52.000,9.65,93.95,14.12,100
2026-09-07T06:33:52.000,9.69,94.42,14.17,100
2026-09-07T06:48:52.000,9.37,90.46,13.72,100
2026-09-07T07:03:52.000,9.31,89.48,13.52,100
2026-09-07T07:18:52.000,9.29,89.08,13.42,100
2026-09-07T07:33:52.000,9.53,92.25,13.84,100
2026-09-07T07:48:52.000,9.58,92.47,13.71,100
2026-09-07T08:03:52.000,9.37,90.02,13.52,100
2026-09-07T08:18:52.000,9.42,90.39,13.49,100
2026-09-07T08:33:52.000,9.28,88.55,13.24,100
2026-09-07T08:48:52.000,9.31,88.73,13.17,100
2026-09-07T09:03:52.000,9.27,88.34,13.13,100
2026-09-07T09:18:52.000,9.26,88.08,13.07,100
2026-09-07T09:33:52.000,9.27,88.06,13.03,100
2026-09-07T09:48:52.000,9.27,88.18,13.07,100
2026-09-07T10:03:52.000,9.27,88.35,13.14,100
2026-09-07T10:18:52.000,9.24,87.93,13.09,100
2026-09-07T10:33:52.000,9.28,88.34,13.11,100
2026-09-07T10:48:52.000,9.26,88.11,13.07,100
2026-09-07T11:03:52.000,9.26,87.99,13.04,100
2026-09-07T11:18:52.000,9.27,88.09,13.02,100
2026-09-07T11:33:52.000,9.24,87.81,13.02,100
2026-09-07T11:48:52.000,9.27,88.09,13.03,100
2026-09-07T12:03:52.000,9.28,88.23,13.04,100
2026-09-07T12:18:52.000,9.27,88.20,13.07,100
2026-09-07T12:33:52.000,9.28,88.44,13.15,100
2026-09-07T12:48:52.000,9.32,88.93,13.23,100
2026-09-07T13:03:52.000,9.31,88.93,13.26,100
2026-09-07T13:18:52.000,9.29,88.88,13.34,100
2026-09-07T13:33:52.000,9.27,88.67,13.33,100
2026-09-07T13:48:52.000,9.28,89.06,13.47,100
2026-09-07T14:03:52.000,9.25,88.65,13.41,100
2026-09-07T14:18:52.000,9.40,90.46,13.60,100
2026-09-07T14:33:52.000,9.42,90.78,13.67,100
2026-09-07T14:48:52.000,9.49,91.76,13.80,100
2026-09-07T15:03:52.000,9.45,91.49,13.88,100
2026-09-07T15:18:52.000,9.60,93.24,14.03,100
2026-09-07T15:33:52.000,9.62,93.50,14.07,100
2026-09-07T15:48:52.000,9.64,93.86,14.11,100
2026-09-07T16:03:52.000,9.70,94.50,14.16,100
2026-09-07T16:18:52.000,9.72,94.75,14.17,100
2026-09-07T16:33:52.000,9.72,94.77,14.19,100
2026-09-07T16:48:52.000,9.63,93.79,14.13,100
2026-09-07T17:03:52.000,9.65,93.96,14.13,100
2026-09-07T17:18:52.000,9.63,93.84,14.16,100
2026-09-07T17:33:52.000,9.55,92.76,13.99,100
2026-09-07T17:48:52.000,9.52,92.26,13.93,100
2026-09-07T18:03:52.000,9.41,91.00,13.81,100
2026-09-07T18:18:52.000,9.57,92.79,13.95,100
